<?xml version="1.0" encoding="utf-8"?>
<manifest xmlns:bb="http://www.blackboard.com/content-packaging/" identifier="man00001"><organizations/><resources><resource identifier="res00001" type="assessment/x-bb-qti-pool" xml:base="res00001" bb:file="res00001.dat" bb:title="Pregunta 1"/><resource identifier="res00002" type="assessment/x-bb-qti-pool" xml:base="res00002" bb:file="res00002.dat" bb:title="Pregunta 2"/><resource identifier="res00003" type="assessment/x-bb-qti-pool" xml:base="res00003" bb:file="res00003.dat" bb:title="Pregunta 3"/><resource identifier="res00004" type="assessment/x-bb-qti-pool" xml:base="res00004" bb:file="res00004.dat" bb:title="Pregunta 4"/><resource identifier="res00005" type="assessment/x-bb-qti-pool" xml:base="res00005" bb:file="res00005.dat" bb:title="Pregunta 5"/><resource identifier="res00006" type="assessment/x-bb-qti-pool" xml:base="res00006" bb:file="res00006.dat" bb:title="Pregunta 6"/><resource identifier="res00007" type="assessment/x-bb-qti-pool" xml:base="res00007" bb:file="res00007.dat" bb:title="Pregunta 7"/><resource identifier="res00008" type="assessment/x-bb-qti-pool" xml:base="res00008" bb:file="res00008.dat" bb:title="Pregunta 8"/><resource identifier="res00009" type="resource/x-mhhe-course-cx" xml:base="res00009" bb:file="res00009.dat" bb:title="Examen 0"/></resources></manifest>