<?xml version="1.0" encoding="utf-8"?>
<manifest xmlns:bb="http://www.blackboard.com/content-packaging/" identifier="man00001"><organizations/><resources><resource identifier="res00001" type="assessment/x-bb-qti-pool" xml:base="res00001" bb:file="res00001.dat" bb:title="Unique questions"/><resource identifier="res00002" type="assessment/x-bb-qti-pool" xml:base="res00002" bb:file="res00002.dat" bb:title="Linear function solving"/><resource identifier="res00003" type="assessment/x-bb-qti-pool" xml:base="res00003" bb:file="res00003.dat" bb:title="Linear function solving2"/><resource identifier="res00004" type="assessment/x-bb-qti-pool" xml:base="res00004" bb:file="res00004.dat" bb:title="Regex questions"/><resource identifier="res00005" type="resource/x-mhhe-course-cx" xml:base="res00005" bb:file="res00005.dat" bb:title="MyQuestionPools"/></resources></manifest>